<?xml version="1.0" encoding="UTF-8"?>
<!DOCTYPE hibernate-configuration PUBLIC "-//Hibernate/Hibernate Configuration DTD 3.0//EN"
                                         "http://hibernate.sourceforge.net/hibernate-configuration-3.0.dtd">
<hibernate-configuration>
	<session-factory>
	
		<!-- MySQL DB running on localhost 
	        <property name="hibernate.dialect">org.hibernate.dialect.MySQL5Dialect</property>
	        <property name="hibernate.connection.url">jdbc:mysql://localhost/cs544</property>
	        <property name="hibernate.connection.driver_class">com.mysql.jdbc.Driver</property>
	        <property name="hibernate.connection.username">root</property>
	        <property name="hibernate.connection.password">password</property>		 
		--> 
		<!-- H2 DB running on localhost -->
		<property name="hibernate.dialect">org.hibernate.dialect.H2Dialect</property>
		<property name="hibernate.connection.driver_class">org.h2.Driver</property>
		<property name="hibernate.connection.url">jdbc:h2:~/test</property>
		<property name="hibernate.connection.username">sa</property>
		<property name="hibernate.connection.password">sa</property>
		

		<!-- Use the Hibernate built-in pool for tests. -->
		<property name="hibernate.connection.pool_size">1</property>
		
		<!-- Create database -->
		<property name="hibernate.hbm2ddl.auto">create-drop</property>

		<!-- Show all SQL DML executed by Hibernate -->
		<property name="hibernate.show_sql">true</property>
		<property name="hibernate.use_sql_comments">true</property>
		<property name="hibernate.format_sql">false</property>


		<!-- List of mapping classes -->
		<mapping class="edu.mum.cs544.l01.model.Person" />		

	</session-factory>
</hibernate-configuration>
