<!DOCTYPE hibernate-configuration PUBLIC
          "-//Hibernate/Hibernate Configuration DTD 3.0//EN"
          "http://hibernate.sourceforge.net/hibernate-configuration-3.0.dtd">

<hibernate-configuration>

	<session-factory>
		<property name="hibernate.connection.driver_class">org.gjt.mm.mysql.Driver</property>
		<property name="hibernate.connection.url">jdbc:mysql://localhost/cs544?createDatabaseIfNotExist=true</property>
		<property name="hibernate.connection.username">root</property>
		<property name="hibernate.connection.password">password</property> 
		<property name="hibernate.dialect">org.hibernate.dialect.MySQL5Dialect</property>
		<property name="hibernate.hbm2ddl.auto">create-drop</property>
		<property name="hibernate.show_sql">true</property>
		
		<mapping class="edu.mum.hw2.domain.Movie" />
		<mapping class="edu.mum.hw2.domain.Artist" />

	</session-factory>

</hibernate-configuration>        
      